User ID,55322cf7498e0bb386e07f9a,513c9855e4b0923345d8bf08,4fddda19e4b0e07803714692,59038f27a2a6ce23bb2e1957,5576c8e3498ea8f0c95f6b4c,4fcf3abee4b0aebeec3d8cbf,56518413498e375eaf7b5f5b,511e4f43e4b08cdb378186a7,51cf4023498eb2bc96a015c4,58cedd16ef46946d749c6775,55bd6b3a498ee52e3ba5b87a,53a415af498e7989b0a488d4,59a2904235f98327be6a920f,4fcf3050e4b05b1fd4aa3a27,55e03929498e5edc86ccf432,5718f148498e486c41a1e4ee,53b96568498ef6049ff709e5,59a674dc8c35dc5662a05f19,59b0182c65cdf82b4ad06890,4ea803590aaf6e058641b9d5,4d96e3abc19fb60c4fe28865,507bfbe0e4b036360c9c5c07,5731d44c498eae73eb7ca23e,4f404017e4b0193961cd24d5,4f5e96cae4b0949d41010678,4f3a5967e4b06ff102f2cb0d,53638dd2498e9a7babcf074f,51766ec7e4b042fa17453c5d,5025178ae4b061fce7594bcc,5166a7d8e4b07ed52dafa146,50251801e4b0c6da2643c9d2,50328153e4b06a779fa3adae,4e4fd0ee62e14b77e3a0e9f9,4edcae3d8231efe39212103b,4f043cf7775b9e560e56c7d4,5183fdcf7dd23e226fcf56dd,50649467e4b0e9d02e8feec8,5232e06d11d2031aad1d2b36,4dc3c01ee4cd169dc6211327,50bb43d3e4b048d446571a5f,4ddcb9ec1850ebc228e8a0cf,58b57dbeac329115d2bd48af,4fa44358e4b0cbe2df2579ed,4e2d654c15205c865b73ba4f,4e48467ce4cd9d94fb3ae3f6,57e1172b498ec840d8e97102,512a08e7e4b096ae4ef2609f,51a222792fc6a874f789827d,53ecad02498eef14e3f54604,57360eef498e0a478abb955c,58b1d910c0c89b4f3278b07f,58a826c6076be13f60a14406,4f7485a2e4b0ab29087b8961,51069b4de4b08881fbe93edb,52170596498ea6c08493d94d,52124ac3498e2f55039971cd,53d90f46498e74a50d6caa2f,4f940702e4b06ce858b7d46c,4f017ddfa69d45461f14dd86,507ef2bce4b0105cdaf944bc,5127ae8ce4b0c6f31d869617,567a84cd498ed7f2e0ce6bf9,5808d256d67c575388f678ea,50fda6d8e4b01725c776047f,51fd3cbf498ef63df3c99e39,4e7ec2ce0aaf8a29ee30d523,4e36c5658877beb5e9b9156f,561ffbaa498e940a1c1d0fc0,51f52db3498e2c7bad85ce2c,533592ab498e8f4b7bc87dbb,50047fc6e4b0ebdd740e8a3d,517252d1e4b09adb62b0071e,536656bb11d225cf27151392,50be42d9e4b027c60c1994dd,50bfa737e4b06aca379a9fa6,5219ee0f11d2b33a4056a2e7,59631f9203132020d4ffe69f,5814383238fae2e5a139d11f,5388afb0498e5c4efdec96f6,4fcdb6c2e4b084c4a2e7200a,51f17ce5498ea76ebcbb14fe,542f8f74498e8e357f4155e1,55bfc26f498e494908a7ec06,55bfc1db498e0546f0ff3907,533d6d13498eb61bf73ae334,53739d7f498e96210e7f027f,4ed15726775bbb5f3408e137,5730e696498e447f0e72c784,5077f067e4b07018b56e9084,53f0eff4498efa32861d5b4b,56fae4d0498e0e83ebff32f3,567055b5498ee825c670bf16,5128d57ce4b0466f4e2b71d4,4fcf4a2ee4b02b4665a212ef,55cbb87d498ef0cc21bae7f6,526973d211d25acd09cd63db,4d7a9e0992baa143556d57eb,50c0792be4b08c1f6408b992,4f55020ce4b040bb62ca1905,5247219011d2eaae803e9c93,57b4203ecd1053db859cc9d7,53d189a0498e0e229a3d9cf9,519a386c498eaf43ffce6856,5052555fe4b0c32d8ccedd44,523c4992498eb802a9debff8,4db418864df05e5aaad894c0,4eb3e9eb4901cef9d7da0a77,54e86d5c498ef1f7fa09109b,51f4d9b1498e264eaaa0076d,57a03c44498e6f81b03bfeaf,5423dbf5498e41d57364d64f,55919d59498ee584c786a153,4fc8c51ae4b0efc1d567c564,518fbdd6498e36d15e5906b2,54226e59498ea688da3a84e1,54026f75498ed36cb8da24c7,56dc589d498e746054b81b95,574caf6b498ed088f20c14bc,53be2b3f498e5b414d9f9920,4cbf1dfa7dc9a093ecf636f5,543b2039498ea4de497d68dc,5575158b498e07f4797bca04,54e86213498eb28153dd210e,57893cde498ed21e60f1bad4,4e0ed18c18a8bf9784d123d7,53e5b45d498ef480995263b6,520b3e5211d2de6694b2e91d,55ba9000498ed3ee9789355b,51742ba3498e2885eb0fef0b,53e1d209498ed727dc905716,5205f28311d25caf3cf934c9,574dc549498e8781e5cd8e3b,568aabde498e433efd1dc1fb,507f1834e4b0f454e7435777,55a206ec498eadf4a5614d86,5701154d498ef12901c45732,514f0134e4b08a4f684d3c11,5753c5cd498eef496dfce117,5949204ada7080645000a1be,55eb678d498ee06682b273c8,5813829738fa6e365cdca932,55bdb243498e244a3c88b711,4debdd76fa76cc1b8b0a615d,53ef1255498e92f15f1d7280,51ebb3f0498ed99e6abaf5b0,50e8130de4b0a5a06bdcc800,50e08493e4b0fe6439bb0a48,4df25869e4cda09e6d9ede98,53a1f265498e995d663d5e29,556ebb78498e00921838d612,5651c052498e36174be6b45a,57960ff0498e76623a35e291,53287eda498e4fe53b583a53,5082e13fe4b01342493575c2,51ba05c3498e986f35bfb44a,5072e973e4b0ddd46a779c72,5075bb5be4b01aa3b9483c80,4d8ce74cfa9437048ca7dbc5,59d0f88c829b0c2fa38e8200,53733ccf498e97d2db288921,50cb075ee4b01c69d9da03aa,50be30b2e4b08bfe1b87f26d,5066c57fe4b0c7c05178401c,5714e375498e435e856d9f5c,51bc7483498e99faa5c6ef50,55547a34498e80761f83ce9e,54ce5d5a498e99dacf7e9d4e,5350e5d0498e485b949c5f26,515028efe4b040403b1e8818,4e354846e4cd9aba7cc2a816,507aa873e4b05ac93db4f2b4,5930839ba4b51b08122ead8a,56b5c920498e5b273ce68872,4fc8e20ce4b068036968ab80,57321d78498eae73ec0eb021,5a478446464d656fed9cbe1e,51cf0b65498e410e2e71d295,5350e45b498ebca706b734ea,570a4f40498e59c72095e3f1,507ab6b5e4b0747405ac4194,5234b84e11d2622246421452,51cca2bd498ec7792e020ca5,56cdc1d8cd1092fee84f34f9,53a45053498e070ad505d088,56218963498ecd5d312906ab,4e184e7d15202ba040b5bc4a,57d8014a498e74b5fd891d78,529a498711d2b1deff86d42c,51c5a99c498edcb7e95ac4aa,5210dc2d11d22017f92f674b,4f92dc48e4b0e29f547479d1,4c4c1928bad7a593abd0c3ac,56360d7d498ef882f4d5b479,53fa1071498ef2ad1a975259,523037b811d2690d54ef0fc9,503522a1e4b094418c6c9094,54a2d94e498e520a4e95a8c7,50c1fc8ce4b0fd9800a5445d,5141f696e4b0f578ea760c49,561a497b498eb6bec3b4ae6a,52dfc9c5498ec0fba70ea8a9,5448b990498ec638a8a827ff,54957a29498e505982e4b550
a,1.0196443493333507,1.9913921975149123,2.0101203024891974,6.010215427740454,5.971754892951777,5.986527587933362,5.961772881775529,1.9873537440734665,2.9767179420425967,5.054937350590665,2.959166627176379,1.9831228197084503,1.0312198184150565,3.0107927949683515,5.992851273777954,2.030148078113937,3.0478496930908534,5.957848400340412,4.987184004423179,1.0283753880332607,2.9600182658296434,0.9987882637859427,1.9818750589775935,1.0132697807351083,3.006951118590141,4.995059102006023,4.9868248104093436,0.97803048726285,4.006515467191781,5.9898981713043,4.0237924880921145,3.9842827973180164,4.001242980317599,2.96478010355829,3.057790316235493,4.999724227847988,6.017665580113006,5.019979914277575,2.0244435798319107,4.993949598662462,6.0000945609416,2.9467509429193304,0.9929051401497833,0.9832483783509087,1.025827908506935,3.022669401430758,5.950583072858731,3.020801837972808,5.9709422776321315,1.9965042932481267,5.96127050077399,4.9906444975434425,0.9844306603581807,4.993843812446911,0.9836483363574886,5.989685240168397,2.9993840087155306,1.0281917568581043,1.9878673707985142,2.0035248986829153,0.9975184990876595,5.9870917830286,0.9535534905092651,3.9962034203158225,3.018169902636994,5.989341303821693,1.9536041042722154,2.0125889537520143,1.9930670206815764,3.9975582642365017,0.9903301249560008,1.0011497228691006,2.991608457723485,3.984956673311612,3.963586106083319,1.9482933189160831,0.9995571236220706,2.028674737233227,5.957820202790705,2.9955996168443,0.9447507317926465,2.0452178188044803,3.9892300926231474,4.985931145021734,3.979063613326507,5.97511008643948,1.0387259838838185,5.0063099497751535,2.0136247666650773,2.040711385053137,2.9886838275198375,4.960863331234231,3.9942802687095558,4.012104897462524,1.0503729451055452,1.0243520124072056,3.030328796951082,4.939928852211913,4.0142123043408,0.9958417249380818,3.016255498363848,5.003148615066851,0.9961267531305447,1.0521555229310398,5.967877725285092,3.9706694650244376,3.9464834747459427,4.016156236018451,3.9668434298126476,3.0660465159310473,4.960808714622883,1.02553690255722,4.033025335900118,1.0618299200619457,1.0211747056179785,5.915462355739246,4.019429864661106,1.0293680833913736,1.9792064583065203,5.885857219678361,5.948890031709341,3.98163083343914,4.0035823485619435,1.9906914231338078,5.995538564562651,3.9621488497566753,5.040037496357108,4.003791771206946,6.003650140530041,3.027790892238859,2.0073894283953555,3.9834147629990397,4.000196570741636,0.9768205146894369,4.959494556144059,3.991428647659224,1.0464814175777608,1.0300391544692005,1.989511948943946,5.994999515780238,2.080614651815244,4.997238991028125,4.970912358187416,1.0195201596238768,1.0121257348576327,5.01784071077302,3.008514300722199,2.0383419002107486,2.945462360774015,1.973920758508842,3.0552429608127674,2.987904515712449,5.01480978166902,1.9913872734517244,3.0084450333030968,3.9917209047608644,4.0087789547875055,2.055306928959389,3.0004835703098443,1.028399497318255,2.0216032809654747,2.0250859383527557,4.963087528065547,5.989139175406026,1.0245233195124355,3.9890613015969443,4.968601111447153,3.0390298958345587,5.0229035361949785,4.001145079851329,5.028595335219445,3.9955610425416426,4.938886288638305,1.0012447847473283,2.0018895553433143,3.9710138270230733,5.0154727597413356,3.9966147327373394,4.991888487041586,1.9660607452900385,2.041512759975176,2.9860988847965566,4.016705386488514,3.003331727502448,5.004054612013105,2.0114129157329113,4.975086360552849,3.0062278956097406,2.9940101209496004,1.07403889140492,4.027911766610107,5.938712823960969,3.9389271868492735,6.05684913663732,2.0285294041750888,2.0054716913211452,5.986111222683666,1.0642607765827654,3.9503868008591496,2.9685241285324584,1.0433383997410646,3.0182345274801405,0.9875496812504925
b,2.0377898459582307,3.015641559091212,5.016796121833164,5.974738036555346,5.00025542168205,4.969493627351176,5.947792285685356,5.010795783055507,1.0638666021252865,1.0013138761505571,5.982490744356188,5.037609016289092,3.007017040786668,2.031034232079259,2.9837990370201224,3.9970361713054885,1.0500608626766508,3.9489980263057207,3.983233263696081,4.060215505183941,4.007811014801174,6.005501140545244,5.990314447401066,6.032382283972411,4.997251549514366,5.949855819666695,5.966450235034238,3.9831057032878645,2.0349076587134127,3.9915984924194983,3.005763818133709,5.979619743485355,4.994950431087803,6.000108244897749,1.048037335249262,4.01306409593241,3.00115790349167,2.0057040130078896,3.9793279146835285,3.96717125917813,5.9500323320831505,3.0290841106715005,4.01099368872193,4.979094455112128,2.01968930089879,1.0038022003179672,6.01592070709472,4.9751358005452735,3.033519009967311,2.0380265396526878,2.986716522763465,3.998714277982863,5.955871190222655,5.944627962227944,6.0127934929775595,2.009309772243507,5.974990126368194,4.018464437928046,6.017707274609139,4.9713802469828305,5.031119261120008,1.0102221216669607,6.040728331760351,5.976277694078816,2.0456111497179226,4.007825186772488,5.0164708589809175,5.952008137905573,4.995602205672844,4.9943929716322035,3.0286181144246815,4.999091048344473,5.024317463807116,3.01677937312485,4.027190104189784,6.017132312127224,1.1042176118588598,3.989531042889525,5.950321939214387,2.0482445086623975,4.052285152034633,2.0309520816932523,4.020247368285394,3.986356151510274,3.008279990687112,3.996642503572985,3.9881885673228226,1.0668168709178043,6.01230550017581,1.0342353530818467,2.027293004938244,1.0552112251739207,2.0142848387889183,4.93846891991976,4.043836786838512,3.992529686765848,1.0732585086294884,3.989995829226694,4.992911702377091,2.039796393953612,3.0370598651962593,2.9931624172548204,4.984242435317565,2.0501575354917527,3.97596852376057,5.991778738216928,5.94404666365028,3.948038496544566,4.972465074138052,1.0132014570127152,4.995868012226873,1.0511238496895996,1.9967521431306345,4.997116550910722,4.983275993621076,5.955688712520943,3.008360038576952,4.042327153089342,2.9996425161219276,5.995504330598503,3.999043541860801,6.010388813375416,3.9791956646648594,1.0209369695143464,4.985324155168433,5.049085103321565,1.0049500010016428,2.029865030126969,1.9794916739321673,3.993346050175935,2.0461506884224097,5.982925391789095,1.0605747821143447,5.98268984080655,4.990151896401467,4.986546513843817,4.957161784142054,5.0180738233195346,5.998865094178764,1.0448267108453222,1.0035975461494715,1.0168064161031967,2.031078673139694,5.981902520844086,4.992418490352006,2.0235071177925708,3.0251408002208837,1.0474040080651181,4.994867259650178,2.0510537845464007,2.9860242107514368,2.0735995354582175,3.9621269540072563,2.0877146510971785,2.987225848609191,5.9437238290247345,1.019283852624482,1.0335186262605818,4.99341678011231,2.055822032417778,1.0371836316948706,1.0501439871224183,4.964360197214649,1.996905369362588,5.999110783998614,3.9948794594454333,1.0653396655866758,1.0319828492600394,1.031603886889282,5.020461162883495,2.0217495286881912,3.9908511043869597,4.991490556057215,6.019961508556248,4.002848794231498,6.000653259184302,1.0605490599352936,5.947132536598247,3.007258018935117,4.975111363298705,1.0476868279806397,4.99178072435281,2.005047615316912,3.9858466420093577,4.002558171335576,3.0286085413545707,3.999872786441403,2.0654832850578613,5.988898384318501,3.024027771656399,2.0457440628110177,3.039134718004809,5.003440864674797,1.0020644919766695,5.015205845098494,2.020097917973844,1.0225749681391663,1.0445792918037213,5.968661758864185,4.009283386748286,2.052367273620809,2.0115989250320236,4.010730588921211
c,5.979784403331692,3.9768919742744444,5.950786959395295,1.0458292972154606,5.012448411561425,4.997835398074129,5.021518275495513,4.983882058957599,4.9706876889492015,1.0361870534901345,3.0011948838765155,2.0015614299286106,2.014370230306304,5.969212273111334,5.018264495563094,3.980992428469359,1.0203562981587253,5.0231955926136225,3.029584034153638,0.9976715327687757,3.977954123332395,5.981069463865884,1.0257820452696311,0.9802309408519729,5.969857056159314,2.045995533341609,3.02810229894828,5.9474359395373275,2.9975018848714745,5.015283402219759,3.9941013265038388,5.97427395100722,2.022626446338449,5.979662709202808,1.0264789169742743,2.0028503750279016,1.0383059055811268,3.022991464542331,2.0055751865807,5.013408135546638,4.039056880536007,3.999073910568767,2.9862066877112325,3.001686939407911,2.9956739164926844,3.013905189656787,6.038197095147472,5.990787914281054,5.007766607171955,2.9983860550007684,5.016260369642549,3.0103645748350734,3.9959429181737494,3.0116569203691244,4.992677981262695,2.0301129479849296,2.988186527591763,5.972044049474335,3.999588349513913,2.9982260653155928,1.9960446061928105,4.028186558372838,5.974121663417558,1.0450241607105246,3.982549603558476,6.030203622151497,1.0184445160872087,4.965741574963822,2.9981185583956664,5.957896839812932,5.949739400811362,2.9824210051042916,5.9981527018411915,4.0094995879915265,2.023132891623712,3.9934297641052394,4.954285795200756,3.0261482243891087,4.009339297995999,2.041906745355847,4.959358642909445,1.0187662856787245,4.971666396821133,3.036615603225835,4.99436657540298,2.0232747947251677,1.010444792826645,1.057727484469845,5.968569245072955,5.00827873126502,4.007890501061082,3.0290510666634134,1.0131863344821492,4.992878319412482,4.9785540841681,3.0124842613597167,4.9970711371252285,6.016567347675625,3.0144377633845427,3.9835808853194763,1.993891335156437,6.011356037594165,2.008586157754457,1.9993653509329192,4.014047969886728,2.025169633391413,1.0546003409630675,1.046228369366436,4.007270058463269,1.0217847620520017,5.002995650325044,2.0151786687811732,2.047288456681501,3.96354980004095,4.988666518003626,3.0560788057560107,2.0224856805483027,2.9821345063886406,1.9985617878666002,2.04593051905662,1.0361453346996385,2.0384651518093304,1.0444219468275353,3.9792484390606035,2.0317581354564207,3.0273895464665497,2.0221699097271735,2.01240598719277,3.051735188073695,1.0240468979328776,1.0228615343407093,4.979552621211309,3.015392184206693,3.998400611950455,4.004294071976672,1.0322513200816807,5.984188194518698,1.9916124796538277,3.0013356447198474,3.0320980885495796,3.995546906370456,3.0258362703598203,5.985471617605761,2.0046835661023445,2.0066219498357114,6.005438216885802,3.9885721388170956,5.975674443214804,5.9961567873902375,5.970759209922382,1.0289886780573547,1.0072792544191,1.0375383833990015,3.9731539098250126,5.970093145973313,2.036866399348843,3.0281252056214543,3.004618766902333,1.0108410711948737,3.004842037444801,4.010000796210493,2.9851486093161124,2.0249191740779944,4.012018850091655,5.9769190912640875,4.978315764390365,4.022975004522555,5.980535750009002,5.992375278544447,1.996427672612842,3.00818977841728,3.0260205363094657,4.997915788218314,4.94910469504489,2.0056073423133003,2.01845378616548,3.0053521400586067,3.022999515474129,4.032318021104001,3.982683067945324,2.0198369817251054,3.001170726545248,5.974564110811175,5.981305049637012,5.008277698892368,3.0039958810981133,3.0187890164082276,3.0119131275190565,2.016954900633129,1.9931041048683402,4.9848513599364255,3.0293034774935648,4.002868680934451,1.0463311996922449,1.0095240303582518,2.023536768704102,3.984660094690062,4.001904245509355,5.0098620573428905,2.994098392261671,4.942146345693875,3.9734411078263165,2.9702263667499973
d,4.007280744275787,4.028382740399774,1.0162496769925151,2.9823167970568725,5.024957166310513,4.969864251838014,1.032444854261827,4.987782326041483,2.071038708618137,2.0260502577050215,2.015678815714485,3.000744808651967,1.996880370309131,3.969438810298509,4.010843406736101,3.0067767405069317,5.984336922700912,2.9576956003343673,2.9991277590449683,4.961954674439231,4.004877548670045,3.9812417895760346,3.037972847836828,4.01800781696201,3.0214733276045145,4.994269413761192,4.9727251663595045,5.964983848874678,2.01033190482692,1.0425957699233006,4.011230049653338,5.965131332025848,2.0322674372250384,1.0455001817941647,3.0061351235022435,5.9400220469001095,2.002693579701406,2.0007316259252486,1.0048408779105138,1.0058662839442118,5.950958630178181,4.994628976513296,4.996428106312258,3.017570682522178,3.004422757855582,1.0032091664422926,6.024218283846176,0.9724087447110636,5.996654451994959,4.964433851304153,4.96684223733392,5.012683983230676,1.0025026075363526,4.0029048723841045,3.013505222405027,4.988765179693841,1.9726747937752132,3.0097158335338197,4.016999508778256,3.021206817441589,4.02012596184065,4.008702014756966,6.05963696849597,4.005467636141859,3.0346473945731787,1.0670195047749265,1.9928071490042716,4.975706244792235,5.030431334578647,1.0182248351879473,4.995900761364168,1.0277873306497063,3.009331762810718,3.9999287192437807,1.071708504390982,4.0002563822697805,4.068639351218421,4.020761767663233,5.994586668864964,3.0021402113158073,5.0177684232250765,3.999406730679254,4.003483842791392,6.005983525130853,4.994286699303295,6.021028910157901,2.971376414376544,3.0001520320672745,3.988531476356352,4.033741044098331,1.0292505177425406,4.010846319520791,0.9699891276045545,5.966399806096261,2.049410838148463,2.9775795181386595,1.0225559140290201,4.995727187464635,4.030660061184458,3.97519062667226,5.992318807920105,5.001101903950127,1.0130300521446762,1.9906486825438476,2.013806705547476,4.976305530020129,1.9852776176371991,0.9869301579482359,5.9984358945760405,0.9768547404446668,3.039141383916587,3.9662669476270738,2.945229033947582,3.0335385525447247,2.0653190583039356,6.031957467398302,3.0149530733627734,5.99297611257191,2.000052170489931,4.997323930066298,2.0152766830902857,5.965772038740717,1.984819121480561,5.982238586261207,4.998010001405069,5.040527937601677,4.000716244874361,1.0018457780504448,1.9922523820633016,3.993175888139058,2.0033070999508658,1.0447459338296836,5.990856590467614,5.999518614367229,3.0134316019412686,1.9983478859078017,1.0334511138159752,1.9855448134371216,3.003422997255598,4.036656706806466,3.0144682335914332,0.984664685952064,6.005075434207868,2.0020160052956633,5.986674098291895,3.025158882192973,2.992349778049325,2.022154854012103,4.024594061993856,4.014859265844148,1.005976192695313,5.98504492841689,3.9821805712863716,6.018637922140357,4.970670183257434,5.9991485584592255,1.0165840260586596,2.9989759215940093,3.0076561254330616,2.028120242066114,3.0168922275604784,5.971976370694403,3.993919255670921,3.9890094082812153,6.005810575316937,1.045392341163641,3.9887460175317613,1.9888216488129267,3.039398525973359,5.952656312211811,5.97323012521734,3.0201233649842534,4.0290067560193545,3.031811128246068,4.0005505185234895,2.010596966526102,5.004414559105324,3.005858446003522,2.002789230501389,5.981008231330971,3.973007021310247,4.962809819112346,5.958088184555099,4.01557313128301,2.0273872489173304,5.019290090894142,4.0078000688666675,5.996946837756417,4.024615662654871,4.984450613304055,3.0262932503474937,4.008844826683131,5.984959985589994,1.9804007676959519,1.052297171970317,3.007992025708333,4.996323823511827,4.030359262369292,3.0038682865783315,4.01489891840603,5.012952017808578,3.9943889200698943,4.011609077327248
e,4.993157989450758,2.007238737269378,1.0342787742774324,5.0589198657772805,3.039436405851765,4.017160436024793,5.026824509392747,5.972503948589429,3.986683693287802,3.0690367257946294,1.0602974178403048,5.979342189915879,3.042814365302835,5.002505380642523,5.993990153245575,4.001677806742244,4.006986975398865,3.0555329845262365,4.026955049256942,4.009991173566454,5.941284354298819,0.9885445125062047,4.013163309666544,4.011219343856861,4.9776665949280705,3.0470405266899028,1.0800570305770862,0.9960097502730108,3.028121147593566,3.015572716406058,5.031858405419295,3.0341342269770992,5.00521755181743,5.966984624989871,2.0285467925694567,1.0503693278943844,4.012823542855178,6.001698885000437,2.0115868523654226,2.0436608302905888,3.091750881503044,2.0128143324773515,5.965986131153086,3.9887828369328453,5.992878161901253,1.9922197758263147,1.1092997018388187,1.032854635902896,3.043407339554031,1.0758125415271866,1.0682541713640976,4.985403366371941,5.996869639387851,3.03945316491435,5.985738806682424,2.088637778286749,2.986656439805923,5.964047586405199,5.968962435728843,1.0372064000146102,3.0360884784071622,6.021703291957042,2.0052362442798985,3.0434750939179027,5.982366104847356,3.056477272272005,4.96905883373001,3.009049673045129,1.9901549595564592,5.008787130839645,1.9775842238849588,2.0146933273119663,1.030774787323391,5.016072727714385,6.000876168785402,1.011115303714789,4.941710342870641,3.004054720735987,6.035834559699148,4.018573905026379,4.941722270077073,3.020886626962156,5.018274974565529,1.0562205942041447,1.014588632050481,5.999290259715052,1.0809058119145645,6.005167607149161,1.0491462980988469,1.987279088355374,5.965732113710574,4.018518626922862,3.050631101475738,2.0668458824456577,5.934054391898235,2.0625167589100077,1.009391105714334,1.0383182168828018,5.018398418143589,3.9955427773633465,6.010836637744661,3.979123914224799,3.021433929522501,3.997739462062131,1.1111530494902069,6.02058458513711,1.082136205941633,4.048518528921791,3.0304365356891205,4.042784352317904,2.064309957317743,3.9946298217296223,1.0632757316702852,5.984371629499338,4.986812664828651,5.010428769878894,6.024609991023989,4.985785676184685,5.99431300152877,3.039704229159525,6.00396833294511,3.06046213513389,5.022269729206229,4.978848933568013,4.067438155373464,2.9948645201562782,3.0343171252399666,2.0215795657384827,4.050854927243386,6.006534718464047,4.989976640391371,6.009760924247351,1.056789885724279,1.9832652658182564,3.044045832741522,4.0657288155012745,5.956248314625264,1.0322649625790468,4.995061695963319,5.009085670485401,5.971893761102442,4.982791071473487,5.944390090531656,2.070990790926336,4.997756141841297,2.035521461192471,3.021796252722783,5.976995182090556,2.011697217286833,5.9741110217590325,5.043513201278495,4.0100516462913225,3.0330257955318536,0.9801825271334272,3.0197299047949717,6.036798657765138,2.0611161484728857,1.008984163699699,4.003597127933048,3.9924374101500977,1.0675826721125157,4.981884369663589,6.005164029470338,3.0618459869450567,1.9837732080893793,5.988381225019424,2.0799960331411835,1.0317163683175923,1.999758354527076,4.052523959014712,1.0640374007301316,3.0094023414548974,5.006540826403574,3.982924223990183,5.01262814105209,1.0804129081854028,4.0119376269310125,4.044921457089247,1.065009509695066,1.0535023405739778,3.01931452929472,3.021777441676158,1.0128477948853205,5.9777781720520835,6.000799235996441,5.011408529954824,4.021376141394782,1.0303684798538808,3.995483208635876,5.984983395359338,2.0540048293774396,1.0544366701472638,5.0000231265959645,1.135568508375192,4.0185910294771485,3.004233669758742,3.0327392780649434,5.989590164619257,2.0591361168594293,3.9853535066242562,2.0090391987337615,2.9824630035827884,5.970035912000936
f,2.0440529838034305,4.981964397477763,5.941441357495849,2.9957482501679955,5.001347758050636,3.991938286831573,2.012852353765804,3.9859416192770274,5.933714034380801,1.014071700741689,2.0122319931141934,5.953404335063704,1.0260848547733417,3.0239249664198127,3.000832032851329,2.9797484480311964,3.009689011879583,2.050108502183556,4.009845693483449,4.966858897144471,5.976838178273569,5.953482169501614,2.974127027385354,4.962466474268472,4.954373521669863,1.0313302425842856,1.0917560000767357,2.010996324710674,5.950142610447278,4.92689057784172,1.012779760338148,4.020134329685844,3.945017659023464,5.937592275455457,2.9906836952662963,5.979202604923188,4.955760264212266,2.9600468616587294,2.9633970642037277,2.0354883233629737,1.0565369911713538,4.996693237038805,1.0240552660177864,2.008152248124548,1.020374493153426,3.9730448291662315,1.075068825318977,2.004652756239844,5.994973707190445,4.046314755942718,5.022376761881484,5.952206077564025,1.015614809227762,2.033585869079919,2.98265224910625,2.035331912656005,4.917488787919397,3.9415614317490157,5.953246290939153,1.9806886229615914,2.9553540043725635,3.0315868275987627,4.980751848528138,3.012794999932032,3.9783581184951258,4.980162826510711,5.971033879321382,0.9747066158093856,5.936748541437,5.935478760134558,4.9968819177591355,4.939504509567174,4.9770412862311915,3.0266260067724158,3.9896694891812206,5.994623843284211,5.962752739953553,0.9884742018908321,1.067784112238832,4.00650764775264,5.99443617284442,3.9788073637432677,5.003359668247547,3.992077435298375,4.016015318620199,3.002957536230892,0.9822763487891679,5.0075732830508555,3.0011678408833493,2.9714364682563863,2.9925418511873767,5.003041004456229,5.978313171103313,1.0825902266205438,3.94942073528994,1.0669596672495933,4.946046668970584,3.047164515445603,2.9968645446414572,2.048725003958772,3.014332644122243,4.004698925982166,1.9984731587075732,3.9412371133984765,3.0164015885295377,5.033464723954962,2.0215523535852693,1.0334394102073854,2.0384357254631915,2.9932097825182518,2.9818964852323697,2.0588706292891263,1.9981554188386335,1.963558600976981,2.951721492331233,3.0613759849463733,2.025044129967133,3.9860446930211477,3.0132910705851867,4.994576494164503,6.010407992912334,4.035449782259102,2.03549404639826,2.0487629183032103,4.038664469796179,5.999704740931742,1.997108860333638,5.9451268383813005,1.9831705013265828,1.027790565260832,4.9902859932448,5.973925461218119,4.0304003355110165,2.054350613820379,4.0379975101718255,2.0183300231690087,0.998833906671305,3.9759519383456685,3.9853536745110185,5.000970682092251,0.9834388428723235,6.011438850840996,6.012942489668835,1.983402484953401,1.0296684260546614,3.9698093093396176,2.9899601967493625,3.9613909805668666,3.0237932637857696,5.018432107243825,1.9949102046944973,5.031188474356183,1.9954698940390572,5.981496731316919,1.0499002319229254,1.0254564854292516,3.0034498255045605,1.9739325340608695,4.971473979065562,4.965868655533908,1.041014194069885,3.9992615618994405,1.0369105824555116,3.06735298418277,1.9892869128614867,3.969134776107742,4.036795128240312,4.937365384639727,3.9962103720008804,5.048158295687779,4.011945246042776,2.983846299700084,5.024809922604901,5.910067774781719,3.019511377527046,4.99891528942319,3.9971204444960517,1.0156285433419496,4.0183353156070005,2.0345956873343156,2.9994809644950386,4.019514891937916,2.0181366567826697,0.9970119238878232,4.961739700793871,1.0624030863589915,4.027811858484519,5.001443074906194,3.9671620547219355,1.999880031376659,4.950977039669171,6.0271837869928655,5.046781012412341,2.021187436864343,2.949390714421216,2.025912239474969,5.038721251246112,0.9990715306198936,2.0492673889690103,2.95779275042378,3.9849575379204594,3.9673948382273565,2.0013710404049103
g,2.040590597741449,0.9759605655842973,4.971675260074767,5.980540154145658,1.022328768526977,5.951449621471847,3.003871334044598,4.95766472906192,0.9969191498755205,2.06108152492068,1.0075951030776473,3.97373060703188,4.9767424231588375,4.994730169512727,5.968019439985222,4.982992011876389,1.994712029311036,5.986219728166034,5.95495470012392,2.9703912827738277,4.927324075554209,2.9123015721216072,1.9684250908360503,0.9938424585879742,4.953325140317616,5.96253971978873,4.9832783158768335,4.9636225734536055,4.94512481457154,1.990231816371979,4.994388851970628,5.955649584651189,2.9950543571228265,4.934001707699652,2.0092681870968763,5.9572154200127265,3.981459362456574,4.0048027514491,3.967341219408804,5.989808580668419,5.993565065747701,2.984256895141254,3.9795069074818734,3.968503357753022,3.9756972196268707,4.960453220267072,1.029179184543079,5.001610573696972,3.999806914429675,5.9684494130474235,4.969424247181078,3.965521459709051,4.001492401398355,2.004666314220163,4.98470085662468,5.975389065794719,4.927619950719184,4.970008710661841,1.9989970068403986,1.0092291589457172,1.991542954958573,4.993830046669812,0.966726919127225,3.0071450281830456,2.99662882090622,1.0451320497873904,5.918277775986489,4.94247911911245,1.9749748622066599,4.962333338139731,3.9406760052593874,2.9667839705698533,3.976841891434545,5.970912972588456,2.016174367987098,3.9153003197377974,0.9894243998349039,1.0224664665655392,2.0253840006547015,1.977488838322572,3.91890411417187,3.9535010903116614,3.007828194818069,2.986976824607213,2.9768780612159764,1.0002752982356675,4.014703139855819,3.975731987971036,4.962915412060288,0.9841913522370414,1.9942674614563989,0.9878309341617002,4.941112571063666,5.9699818638727145,3.940608828823759,4.9677992982043175,2.960005024161909,4.941176887531726,2.031988273298054,4.96702265546936,3.020939596547275,5.957133068721501,2.997625274234999,5.947865621838984,2.04748642922587,5.973990519789387,5.977729462912186,4.984484344899361,2.9914855150387836,5.999354761838762,1.0592880435106662,5.970284030000096,5.9598446744990845,3.0035947560477356,2.002843040563877,1.0085553163487817,1.0404992133486082,4.942836992287731,3.977970778271521,0.9646498119842444,2.99133761740243,4.970358162659852,5.97878874211272,1.020520766284516,5.004287561373249,1.9804703477442593,3.0209112909971365,3.9604325656536563,6.015871590528829,5.007620460576005,5.92367913089133,4.970936785638683,1.987683335823333,2.975159125493272,2.01101313536927,5.002416889719689,4.977482533031909,5.924373471761221,2.9979072387323247,3.015391878104926,4.001108729470097,5.937049394891316,3.963364586206092,4.9747550415103525,2.961293630992178,1.046829695808201,4.965343653759738,4.984374683656483,1.0044153054943,3.943491306509389,4.975752970988731,1.9908048905868958,5.9625986115418295,0.9780912570631317,5.976649315941233,5.983887368846352,3.006534335043842,3.9761000872685783,3.9670527994182,3.942136697116922,2.029677652194353,2.9677129050162567,4.00901728003493,4.986248765554904,1.9747933390096368,1.0112823750720223,3.0209582004871134,5.962541649206981,0.9914022124659732,5.96547875803449,3.9831340129612047,3.9778651842438237,2.9836636425489473,2.9434277398653186,3.972566429722945,1.021640408483644,1.0120556592636638,4.0171746032974305,2.01043038029546,3.9639900077088805,4.950309746001512,5.944843726982825,2.002595898897061,1.9941455988240904,5.979266562201884,3.0202428966748336,3.975099414735413,3.9934260697596,2.9786342048058323,5.960332045130526,2.0405797435403223,2.972836586094968,4.955873793590587,6.001594255692084,1.0107984991713987,0.9926217567217153,3.9719354928154944,1.0347273957098866,3.978874329116683,0.9741430385970729,2.9952093901722288,2.97425475194178,1.0050892455284925
h,2.0218579998623665,3.9994200149062737,5.041894554050427,5.979430896589001,4.999521818839304,4.983300089530124,2.0223128368365764,3.989909227204311,4.000253029626221,5.95757918774723,2.0216115641386896,4.0044838956240625,2.013165566141481,3.017801946653451,4.960956771015932,4.996724926556554,4.9690350367253835,2.0202966406923,3.9899897755489038,4.998123992018558,2.0031347774586146,2.035024064685455,3.0012646036165576,4.9489482963698945,4.991223868215352,3.9701192099532414,2.984741249033988,3.9675080464812096,4.022754681609568,5.987568824861988,4.976645481148827,3.996556879029751,4.988476328144785,3.006723570528142,5.9784211783333925,5.987859775852177,5.995862478218985,5.9470330007157735,5.954388950955485,3.032019473844539,4.9589945517278995,1.0200639098589477,1.0092051281202226,1.0151343723104849,2.024289225673913,4.987779491152333,2.9830970467913023,5.021821434565975,4.968194987376124,2.0266264507499088,4.0056641911055815,5.9885437159654975,1.0423799344302669,3.9696504431611617,1.9941072701292577,4.984959437432834,5.980740879816302,5.963621210754636,3.986170560711454,5.948061602240326,5.972919300786923,2.998758168044935,2.033426582679928,3.999499429294111,3.9954599643640605,4.033736894746645,1.0567645583321514,5.942164680490017,5.982270143185774,5.983386348525819,1.9896566899920807,4.021597259632978,4.99491438564676,2.024531651609122,1.0442206190809191,1.0372495010833682,3.0349637717574414,5.9530326784516285,2.0072220978231186,1.0331733701297008,1.0015513626032444,4.988135831339654,1.0659847189211455,4.959207646421271,3.0150272310191513,4.957583020988097,5.955647664735168,3.013543591044117,3.0285512544436513,5.96092728129298,2.0183113093540923,2.984024675016733,2.0265738079476523,2.993697924829547,5.963791120722677,1.0262586140497152,4.999112051303821,1.0134777102176438,5.960368645948247,1.0452077029243863,4.001080344940025,5.958559805977,2.0284498709215235,5.985021503490028,3.025323118856095,2.020569149803413,2.025772350112875,2.0198053075710725,2.978761713659228,4.003274358221048,4.977984545206727,1.017466054684443,5.974607862273788,5.981847456998911,4.965660139337125,0.9629395330861183,4.0072233199133995,4.972197376884224,1.0507802599277722,2.0162633666234813,1.0267616452893762,3.019896790549571,1.0366469494112853,1.9797187012880633,3.0334197348788288,3.9891974771520413,5.943566849668665,3.006988328647093,5.941846919243375,3.9755731228835964,1.032414789941881,3.043821223670236,3.988843335623173,1.015702641549515,1.0616163199758692,2.031301967545507,3.0109504971786207,4.013100762472236,1.0427892971134853,3.025657747547436,5.941301741199151,1.046176397143321,2.976684202517059,4.980645086401769,2.9805375637335634,5.978509809706457,3.996793874060132,4.982329465534611,2.992259070754651,1.0321767267528,4.995135450334274,2.0196975624642066,5.944289221643263,2.9703484760008094,4.003604642335699,5.928093021972696,2.0408638545272355,4.975056421564507,4.00249826202146,1.9995071547961938,2.029742383325729,4.007100939082614,2.9689644565556774,1.0233734338635219,4.990641479658836,4.0177113029553215,1.0364592511447928,6.004962419563391,4.980124658457177,2.0485249176314353,5.955656738948144,4.983566504103701,2.02666555006718,5.977954959781682,1.013852846105158,2.9874197237453166,4.981451673918501,3.9873540118932245,2.0349677065865004,1.9951561242915923,4.988120288725054,3.0092268705638445,4.97557110426105,3.966225070162858,5.993117323721762,1.0167036095645958,2.0137105698349576,4.019989718248838,4.970677306503195,4.9460272816973045,5.988600204643246,1.0407120735793285,1.0328821685427365,4.01891549377617,5.960337785505755,1.9855591147832625,2.057450786281205,4.983930874515925,1.0473643828840946,4.956953615085162,5.981597667891224,4.965794385335115,2.984644976335912
i,4.9677594545232395,0.9813315852087907,3.9882689187534437,5.983647912298219,2.992538619528319,4.985690352547291,4.061079668884622,5.965394368328665,1.0007828082400247,3.9913821999091246,3.982618222219198,3.9845884402984693,3.007084910323802,5.967583521776845,2.0379412239743147,3.9979123784512947,4.94548612142685,6.011136498218238,3.03831974545726,5.928827385396858,5.0004586567230955,5.962231201083942,3.0050116534605764,2.9710939822047697,3.9959576821987177,4.035961886447982,4.016144546795606,1.0209500801182756,5.955464440794067,3.970321358865943,2.040036889341508,3.0235691055290355,2.9969297430335966,4.018425873216409,4.9451528443779456,5.005058412396461,3.9921040641853844,2.056646653290617,4.969170173719627,6.008602748289629,3.049573385186668,2.004583428937237,3.004629310185421,1.0644565997736637,4.009725030465052,1.057365918811193,1.028738881303096,5.992317389719087,1.0219904224384875,4.966636337466526,4.015250527119915,1.0049764731051667,3.0212192598372294,2.9944394634617866,1.058720810344183,4.993203502661834,5.96848785753596,3.9923929964628924,5.9529798006341155,1.0016679190395765,0.9943719324040337,3.0384672508763857,1.9434427724087184,2.9671303234252813,4.974800668260862,2.016856191194819,3.0527569310558693,2.046040045858286,0.9801170978418221,6.003680441655867,4.977935295178529,3.002309511701851,2.0077092792683557,2.024690362462417,1.9967634051138086,3.998599180992624,2.9473725229471013,2.982112451237595,3.0344206120405346,5.944832624569877,1.0314364704806214,4.952457424899803,5.950896525260246,1.0122573670512147,4.974915573129859,4.958959621299167,2.9726824679887267,3.9967215647113834,5.963848836288623,2.975770175412061,3.0052904825045546,0.9899768831197648,5.979634393366136,5.013492981408176,3.984019586755664,3.0236734683252866,3.9898513357758194,2.053746100149996,2.0065814510972766,5.988667467459285,3.9764107011047596,2.0640982275864457,2.9968091893408926,4.004773328351847,2.9684837490576896,4.994686849709805,3.041102981454441,4.006579830687734,3.0089255513403836,4.981949296401173,0.9946135364739321,5.996431818599589,4.991315827886105,3.9854184079750237,2.0190654789425997,3.0154703198231037,4.9387176250450056,4.998896431462838,4.001192823699627,1.0071027537890833,3.0325934240824948,5.9512434648357,5.002350467107949,1.9846487997421371,3.0109821067908875,1.0186644179994149,2.9767414001320063,3.989502108430182,1.065932931253505,2.0389869527900735,3.043795130201061,2.040964595515317,2.972073039250901,2.0385452969688553,5.966982775968084,5.007295347636475,3.037787690429355,5.941107084378927,4.981482998467562,2.0322465702697867,2.027491140400261,5.998499171297947,1.0415593320916985,4.008330099253266,5.002324639374107,4.961354573785235,4.98512836971833,3.0053177554628476,1.0064605536862656,2.0402927271439406,3.039010380972435,1.991549678601195,3.034253257089606,1.0098987789715195,6.006395361617547,1.073070232337817,2.0255684352096295,2.0040664627064597,4.000533946474418,1.045779194456347,0.9899564536939822,4.973741031692196,1.0661579996213648,1.0721604292115332,5.961013614378679,4.946745431616146,5.940431745662405,4.994555358824293,3.965401015910728,5.995075429882028,2.9933204449292132,3.0204598253696675,2.0124053246660534,4.954501163274635,2.033807107055147,2.9685306190552776,4.950797967091532,1.0655904679662211,4.943259766770053,2.0187197973048363,5.982428787238071,4.009731774245956,5.975261708262016,2.996647365403769,4.054268082520852,1.0535122225964584,4.018011100449192,1.9849702827149875,3.0266805289642496,3.9896011979817527,3.9464211305303354,2.0258236807361287,3.995014433233931,5.003339776265895,1.9939545026875083,2.9805862530376137,5.951070591445022,1.9987736178522075,3.027984923915238,3.970714524574827,0.9853261595451355,4.958428824651398,5.9425012489665585
j,5.977381542619966,4.96724082692426,5.974190841006416,5.987029987324056,4.003816823372303,3.9886464006047975,2.0047480948690786,4.996626982082439,1.9964918661594975,4.036164752992199,2.9897821203063297,5.946175776834227,4.004882130952949,5.978865307236921,4.006925942407264,5.985977592259399,4.007210712444795,2.982670907853157,2.985291503774558,5.98468633959943,1.9702006838041441,1.957815244713568,3.9792100700688096,5.964318865112636,3.000910869962329,1.0206604312792624,2.9935632229386036,2.02221037123322,2.968846089530597,2.0094591420998196,5.014573190631461,2.9942102586894945,3.0022010770642087,0.9791081312762002,3.022302494968629,1.9967807708055534,1.9992607305791792,2.031859104933748,3.0173776864414004,3.012875410980344,5.015163224321504,1.9574792047041578,2.010962937798504,0.9903575638821951,3.9866548007964875,1.0236421682870867,6.0239988407091705,4.003500669225749,2.9917874498200367,5.968763187528843,1.976056576497294,1.98004547289099,4.984181180591069,4.008552077026652,5.955626347226579,4.976659489750459,1.0303791090224337,4.028033886958324,3.969695136395864,4.0129940423950945,6.009282535768778,3.9768572571318384,4.974453107789791,5.961161591065814,3.9977913126273945,4.973900130476922,0.9591666609224876,1.07442290868231,2.0127542843955766,3.991334769568451,0.9911365741968874,2.989904021286425,3.9900550018566237,4.961261411864891,4.937257887398881,2.9500943729170546,3.9791679198250436,4.020529317667322,4.977462839215677,2.985587431889848,0.9985073104753361,3.0121394944271014,4.941865105029487,1.9834481123658934,1.9658601676858896,1.9828285273277437,6.02975413317402,2.9782428124385407,5.992946769585039,2.0497657509448017,1.0105430249297338,1.0135964510125355,1.9611790998476408,3.997959710493655,2.039785037310563,2.9961611187789594,1.0207292924792375,1.0023581366472114,5.984976360337804,2.0076495379875006,5.986457561744205,1.030519842163606,4.979607503840342,3.02628098644378,5.952448314300469,5.946954082882453,1.9892520003071867,3.982080896652036,2.9830854850756676,5.976775210407955,6.003412300742772,2.9909561299285135,3.044864041439215,6.015328859610665,4.037122260454993,0.9786333282254192,5.970135686783997,4.017075173036661,1.9924065466257743,0.9634838075102969,1.944588067529498,5.96010916602776,4.940886929406666,3.9670803027834953,5.948788644039448,1.0137404459948782,3.997217061580102,0.9965271839715573,5.020664030025115,5.001049664752425,0.9943275534024629,5.949732837858531,2.9865370696858267,1.9995054886637877,4.935488386393552,4.982743242168272,3.026391444635207,5.970335905789071,3.9623651137381146,2.977348268164815,4.017189025864157,0.9627980767580415,1.9609761590268038,4.006755302634376,3.0186707877750742,4.019822122185944,3.0009320217327784,5.990484703464568,1.9892098093495978,2.9917936173691944,5.0060038016502375,3.9707825931501115,1.0437611615201203,0.9868064459716006,4.015967502972971,5.030328916876897,2.9822879948694343,2.02888277731943,2.9740550116924673,1.0173133219463457,5.984273066015019,1.046224164432338,3.0113633439800807,1.9684312385697789,2.0413146491257756,5.992718430062747,4.935808138558072,3.0083723815252803,3.0052236220880486,5.939283019979269,4.000103089081336,1.031476907011759,3.953324755649232,4.994307004451659,3.9653952413795843,5.9540687210214855,3.9814591406684676,3.0231226290349706,5.917650912849398,2.9819469513543826,2.0230116109808494,3.967678741510283,2.0230226717443704,3.013740383858924,4.026341564236471,5.024809369713359,1.9694748627764094,5.972916384649288,1.0195665319039708,4.017145433657019,5.986166767356005,1.9635929755143346,4.931142309674228,3.0019756517806906,4.037611837713556,1.013934850519977,2.954864367242852,4.03333594481476,3.965361314097747,1.0369735833003775,6.0156794114698275,1.0086483786276372,4.0009971156834725
